{"MaPS":{"-20":0.092681525,"-15":0.0675988191,"-10":0.0346441118,"-5":0.0205239156,"0":0.0175538388,"5":0.0168226209,"10":0.0164076359,"15":0.0168421505,"20":0.0165097168,"25":0.0163493711,"30":0.0164532875,"35":0.0161734381,"40":0.0161008876},"PEFAC":{"-20":0.0735476334,"-15":0.0566849406,"-10":0.0427916247,"-5":0.0358558163,"0":0.0333063429,"5":0.0317043999,"10":0.0314076209,"15":0.0321057996,"20":0.0318982913,"25":0.0312641678,"30":0.0314478699,"35":0.0312607662,"40":0.0313492607},"RAPT":{"-20":0.0843871531,"-15":0.0788984098,"-10":0.0682131817,"-5":0.0599077646,"0":0.0517839706,"5":0.0455102738,"10":0.0433530139,"15":0.043977058,"20":0.043657412,"25":0.0431145997,"30":0.043295217,"35":0.0431684976,"40":0.0430559047},"YIN":{"-20":0.1006354463,"-15":0.09778955,"-10":0.090812487,"-5":0.0805322722,"0":0.067746625,"5":0.0562368331,"10":0.0490829186,"15":0.0460296049,"20":0.043966178,"25":0.0428148826,"30":0.0423634089,"35":0.0421866049,"40":0.0418395427}}
