{"MaPS":{"-20":70.4322486777,"-15":57.962914972,"-10":39.138944823,"-5":19.0854216729,"0":9.0471418301,"5":4.1432458598,"10":2.4864405937,"15":1.9022224158,"20":1.8305588405,"25":1.8616939141,"30":1.7253538309,"35":1.8813415508,"40":1.9072502592},"PEFAC":{"-20":61.8611302173,"-15":52.9636429857,"-10":40.3727272247,"-5":30.3940808172,"0":22.7738332474,"5":18.0577375035,"10":16.4110559252,"15":16.5209882659,"20":16.994921369,"25":17.8234372312,"30":18.455311021,"35":19.1961040335,"40":20.2903532592},"RAPT":{"-20":65.2515613131,"-15":64.219573622,"-10":60.7862357836,"-5":56.3499805512,"0":45.4626599734,"5":31.4497422689,"10":21.3153004014,"15":15.7033909055,"20":13.5919903109,"25":12.6073977007,"30":12.4126991267,"35":12.1071823734,"40":12.0175156398},"YIN":{"-20":81.3931767704,"-15":80.4551326018,"-10":78.9745319167,"-5":74.9606599784,"0":67.7373527384,"5":56.9091320363,"10":45.3939499482,"15":38.013681344,"20":34.8531535918,"25":33.6134772149,"30":33.5226151513,"35":33.2008844205,"40":33.1326943948}}
